competencia;id_cliente;valor_fatura;tipo_cliente;consumo_energia_kwh;status_fatura;data_vencimento
2021-08;pdzvVxt0sTz+bKaCSSKDTA==;12,32;PF;15;atrasada;18/09/2021
2021-07;ZizzQB2y3WeC8WFKlHITYA==;14,78;PF;18;atrasada;22/08/2021
2021-08;bCs+mH77cGboje62bsm9mA==;27,92;PJ;34;paga;22/09/2021
2021-08;8LM+iMxb1QpQ3ZMgsrFguQ==;27,92;PJ;34;paga;22/09/2021
2021-08;M0tjDy+dobkddZ+QXbf5nQ==;27,92;PJ;34;paga;22/09/2021
2021-07;AHNSEt3bgZuUVvvP1G+TJQ==;29,56;PF;36;paga;05/08/2021
2021-07;+BSr3N4YHyx5OwxjK/EEUg==;29,56;PF;36;paga;11/08/2021
2021-07;06BNujsLSeJLF8LCu5LA/g==;29,56;PF;36;atrasada;23/07/2021
2021-07;gjBF5qPOPd3xWAVY7Pzi5g==;30,38;PF;37;paga;06/08/2021
2021-08;gjBF5qPOPd3xWAVY7Pzi5g==;32,02;PF;39;paga;06/09/2021
2021-07;HZb69Y3+u/PH7MfRsBp/kQ==;40,23;PF;49;paga;22/08/2021
2021-07;puE2imxTzK+1SKFw8HvSeA==;43,52;PF;53;atrasada;22/08/2021
2021-07;RGdwwu8pN0zAIkVjNRlAYQ==;43,52;PF;53;paga;27/07/2021
2021-07;HfXuO6yaeRCdRL4oKiWhaw==;43,52;PF;53;paga;18/08/2021
2021-07;d6pLfG5+4f0YMOrv98AUPQ==;43,52;PF;53;paga;11/08/2021
2021-07;M3bTLXsc3KJtbJjBeaGfhA==;43,52;PF;53;paga;11/08/2021
2021-07;b6KQrhMi1sJoM3RSLqPLCw==;43,52;PF;53;paga;11/08/2021
2021-07;/lFJ2pY/W9mnIG0k1OtgOg==;43,52;PF;53;paga;17/08/2021
2021-07;+E8fQGYekj08B6VOJmb65g==;44,34;PF;54;paga;08/08/2021
2021-08;AHNSEt3bgZuUVvvP1G+TJQ==;47,62;PF;58;paga;05/09/2021
2021-07;h8MyyBd2js7V2KMkb+FSYA==;50,09;PF;61;paga;27/07/2021
2021-08;ZizzQB2y3WeC8WFKlHITYA==;53,37;PF;65;atrasada;22/09/2021
2021-08;g+Hzn9pJLWuGPaSYUav4VQ==;53,37;PF;65;paga;10/09/2021
2021-08;82dUvXVazTDgFQWO0S6+hQ==;54,19;PJ;66;paga;22/09/2021
2021-08;jvMPVum7ADO5VY3M4oXJxg==;54,19;PF;66;paga;24/09/2021
2021-07;DTTS7GkxaBYA4YDa4tByFQ==;56,66;PF;69;paga;06/08/2021
2021-07;MoFqTuP2LaS7TtL1TNW1Vw==;56,66;PF;69;paga;27/07/2021
2021-07;QgJoQ7pWq8Jhqymr5gmYGw==;56,66;PF;69;paga;08/08/2021
2021-07;HVltQOhjud5PMHcM/5Qrmw==;56,66;PF;69;paga;27/07/2021
2021-07;lo7dhMYBgeoyK1AastcSPg==;56,66;PF;69;paga;10/08/2021
2021-07;QkMST/pLik6WesQCSJaYfw==;56,66;PF;69;paga;11/08/2021
2021-07;Jxzb78OlaZydIrDOvDQW9A==;56,66;PF;69;paga;11/08/2021
2021-08;AiOnAxoURmJ0O+bhtv23mQ==;57,48;PF;70;atrasada;27/09/2021
2021-08;/YTEmsCL8fPWWCX2SBE+3g==;63,22;PF;77;atrasada;11/09/2021
2021-08;b8+FKOFiizV0CKerZdYlqA==;64,05;PF;78;atrasada;11/09/2021
2021-08;hlAosPv0Ns7f6T+meiofSg==;65,69;PF;80;atrasada;06/09/2021
2021-08;+BSr3N4YHyx5OwxjK/EEUg==;66,51;PF;81;paga;17/09/2021
2021-07;6qVedCTt9cmNiYkd/eF9CQ==;69,79;PF;85;paga;04/08/2021
2021-07;dEdCFYRoQQdIJtc/O3pTUA==;70,61;PF;86;paga;06/08/2021
2021-07;6CDyEKgtCmg/UFE/f1iZkg==;70,61;PF;86;paga;01/08/2021
2021-07;kNw+plZCDVl072huBHAq/Q==;70,61;PF;86;paga;01/08/2021
2021-07;IxS0HYS+RdQVstzQnQjjNg==;70,61;PF;86;paga;04/08/2021
2021-07;+/wBRkQ5NaXnKzihMl4GGw==;70,61;PF;86;paga;09/08/2021
2021-07;hKm4b48Uu4/Wz2h9xG8ILA==;70,61;PF;86;atrasada;17/08/2021
2021-07;x30nHgTZWDSFEC9asleGUg==;70,61;PF;86;paga;04/08/2021
2021-07;6hPumClQCNlUSLzgYGyRyA==;70,61;PF;86;paga;10/08/2021
2021-07;GUzHlfbr0TJ0BIvZhufOfA==;70,61;PF;86;paga;16/08/2021
2021-07;HKDoob8XWYHkgX5f9GoMrw==;70,61;PF;86;paga;22/07/2021
2021-07;mJ/srCit/PlQIzR6jcPXlA==;70,61;PF;86;atrasada;10/08/2021
2021-07;TN7XLk8DZoOaFJo2rCO+dQ==;70,61;PF;86;paga;27/08/2021
2021-07;ZpZFH4nyD62VYk1tprvDaQ==;70,61;PF;86;paga;17/08/2021
2021-07;Sp1CJHNIt0vmnWrxIL4A+Q==;70,61;PF;86;paga;06/08/2021
2021-07;vi8NLEhYjRPhFMDTBcy9mg==;70,61;PF;86;paga;11/08/2021
2021-08;3CTThNJ7ZfZtUGO/4wUrEQ==;70,61;PF;86;paga;03/09/2021
2021-07;1GZjSYwr02ilzEtWvoXYCA==;73,08;PF;89;paga;05/08/2021
2021-07;is7+EcidED1cUGcVIPij0Q==;73,9;PF;90;paga;25/07/2021
2021-08;d9o8rveLw7X/do0yqBHb4w==;73,9;PF;90;paga;17/09/2021
2021-08;puE2imxTzK+1SKFw8HvSeA==;73,9;PF;90;atrasada;22/09/2021
2021-08;ONWuc/pobBnSSI0kUE5CRw==;76,36;PF;93;paga;01/09/2021
2021-08;GL+UPKMs+xEe0I6QsSaOxw==;78,83;PJ;96;paga;17/09/2021
2021-08;tUF1uorNJG3dbf5+fNnRMA==;79,65;PF;97;atrasada;17/09/2021
2021-08;cWJHZ/FspoF+l3s35SdXRQ==;81,29;PF;99;atrasada;11/09/2021
2021-08;06BNujsLSeJLF8LCu5LA/g==;81,29;PF;99;atrasada;23/08/2021
2021-08;XBbk8R4M72UCd83yTFTjCQ==;81,29;PF;99;paga;11/09/2021
2021-08;SGaWn91thtSp2OB1gjE3+w==;81,29;PF;99;atrasada;23/08/2021
2021-08;b6KQrhMi1sJoM3RSLqPLCw==;82,93;PF;101;paga;11/09/2021
2021-07;m6setGOl8+0O557JhpaLkQ==;84,57;PF;103;paga;18/08/2021
2021-07;VvbDG4ofu0IRb3c1xTpaww==;85,39;PF;104;paga;14/08/2021
2021-07;XtH/YeoPsdw5VVyvYoMqHA==;85,39;PF;104;paga;05/08/2021
2021-07;UsHK7PgOieW38yp1JepzOQ==;85,39;PF;104;paga;13/08/2021
2021-07;EzIWP8YLRZ0lkZK5uxaZYA==;85,39;PF;104;paga;06/08/2021
2021-07;VKD8G5NshQroaIPHqFe9kA==;85,39;PF;104;paga;02/08/2021
2021-07;COYG7vGPidIY9syR8J5atg==;85,39;PF;104;paga;11/09/2021
2021-07;mGk7wCFMz0DBspZoRQ4UYg==;85,39;PF;104;paga;06/08/2021
2021-07;hHU9zMo7tuHcFPFqpwttjw==;85,39;PF;104;paga;03/08/2021
2021-07;b77jb6PdEw/AuGtn0xMCGw==;85,39;PF;104;paga;11/08/2021
2021-07;vpOmlK02ZEl1somitY9o/g==;85,39;PF;104;atrasada;04/08/2021
2021-07;acoT2u5mHURKRxUAxI7mow==;85,39;PF;104;atrasada;27/08/2021
2021-07;Q11uqc9PCFAjT4Yrh6Ah0Q==;85,39;PF;104;paga;14/08/2021
2021-07;jzGdiIC6wSH+q0XL6pALzw==;85,39;PF;104;paga;22/08/2021
2021-07;cnSJ9E2i1guqHe8XH5/Ksg==;85,39;PF;104;atrasada;17/08/2021
2021-07;3Q1MDRbEREGqzPqvoQVTPg==;85,39;PF;104;atrasada;27/07/2021
2021-07;rWh2s/k2UHNy/7BuGcyMsQ==;85,39;PF;104;paga;14/08/2021
2021-07;fYYTG/SyndyshnC+82lKzw==;85,39;PF;104;paga;18/08/2021
2021-07;0huwKrYwGsmRNdMXQAE2jQ==;85,39;PF;104;atrasada;09/08/2021
2021-07;YoAWAndesF68Ftz1poolOQ==;85,39;PF;104;paga;17/08/2021
2021-07;T75RwUdKAiSS9m9WAP4HYA==;85,39;PF;104;paga;06/08/2021
2021-08;+/wBRkQ5NaXnKzihMl4GGw==;85,39;PF;104;paga;10/09/2021
2021-08;LKJkrZB+HBr9Ckv3M05Q6Q==;86,22;PF;105;atrasada;11/09/2021
2021-08;e0WtH0FnTQiry0DBkO5paA==;87,86;PF;107;atrasada;17/09/2021
2021-08;xeqzDrCg4ctQQdgifzziNg==;87,86;PF;107;atrasada;09/09/2021
2021-08;XlNaMk0g5BEiFxUg8T2ohg==;87,86;PF;107;atrasada;11/09/2021
2021-08;c8QpIPXhFuxPFn9N+6hPEg==;89,5;PF;109;atrasada;27/08/2021
2021-08;6vnCvePRpfWKJ80ijhqECA==;89,5;PF;109;paga;03/09/2021
2021-08;sysl53dhmaAetcF5DCaPWA==;89,5;PF;109;paga;02/09/2021
2021-08;lOPGVTdPsJfkdTa6t07tww==;91,96;PF;112;paga;17/09/2021
2021-07;rB4WT5NPzbG/cUDP/gLB5w==;93,61;PF;114;paga;27/07/2021
2021-08;aoPlic01PUNA8TdBCr2dpQ==;93,61;PF;114;atrasada;04/09/2021
2021-08;7AOYm14uUZRjaDwMQZazww==;94,43;PF;115;paga;01/09/2021
2021-07;hSm0uJRnbkP88is8Zu8tdw==;95,25;PF;116;paga;27/07/2021
2021-08;6hPumClQCNlUSLzgYGyRyA==;96,89;PF;118;paga;05/09/2021
2021-07;HeZIp8A0HcKUqfmU/K/vOA==;97,71;PF;119;paga;05/08/2021
2021-08;HvbUwmlCLgKObI1VQJwpvQ==;97,71;PF;119;atrasada;11/09/2021
2021-07;S6/FOPfxJpaXCs99NSZyTg==;98,53;PF;120;paga;18/08/2021
2021-07;wfiC/QpN6dv/l22TrAh89Q==;98,53;PF;120;paga;18/08/2021
2021-08;cZoraBtJghaD0AupQ8jLYA==;98,53;PF;120;paga;17/09/2021
2021-08;1GZjSYwr02ilzEtWvoXYCA==;98,53;PF;120;paga;05/09/2021
2021-06;rB4WT5NPzbG/cUDP/gLB5w==;101;PF;123;paga;07/07/2021
2021-08;syQX+i/A2OHd46EmQlmVdw==;101;PF;123;atrasada;01/09/2021
2021-08;tZFeNYg6+OjGF1VbtSo/qQ==;102,64;PF;125;paga;17/09/2021
2021-08;dEdCFYRoQQdIJtc/O3pTUA==;102,64;PF;125;paga;06/09/2021
2021-08;WMwY4TftNcrTHCD/FhLBeQ==;104,28;PF;127;paga;27/08/2021
2021-08;M3bTLXsc3KJtbJjBeaGfhA==;104,28;PF;127;paga;11/09/2021
2021-07;Pg3I1Vs6l0MAYB4Msm/UAg==;105,92;PF;129;atrasada;27/07/2021
2021-08;jexVhcKhoYahs/QIlgSABg==;105,92;PF;129;paga;11/09/2021
2021-08;uPRnbcZeMKgxgQCHFHx1Gw==;107,56;PF;131;paga;11/09/2021
2021-08;/lFJ2pY/W9mnIG0k1OtgOg==;107,56;PF;131;paga;17/09/2021
2021-08;Jxzb78OlaZydIrDOvDQW9A==;107,56;PF;131;paga;11/09/2021
2021-08;mNgB0NscQJJZuLvEOOmk4g==;107,56;PF;131;paga;22/09/2021
2021-08;XrV4zZJ1ojOnBIqztAUQBQ==;107,56;PF;131;paga;06/09/2021
2021-08;hIBBZIDC9onnvu0gHUdqYw==;107,56;PF;131;atrasada;10/09/2021
2021-08;e/t8QYon5AKgv6Rt9UatSw==;107,56;PF;131;paga;22/09/2021
2021-08;d6pLfG5+4f0YMOrv98AUPQ==;107,56;PF;131;paga;11/09/2021
2021-06;hHU9zMo7tuHcFPFqpwttjw==;108,39;PF;132;paga;03/07/2021
2021-08;HfXuO6yaeRCdRL4oKiWhaw==;108,39;PF;132;paga;21/09/2021
2021-08;yqmMiKvmzv6IX2L2Bvgr4A==;108,39;PF;132;atrasada;08/09/2021
2021-08;mg7lHu7N3URSRoqROta8Vw==;108,39;PF;132;atrasada;06/09/2021
2021-08;RGdwwu8pN0zAIkVjNRlAYQ==;108,39;PF;132;paga;27/08/2021
2021-08;uXDb7zeuHgexhMl+pynlsA==;108,39;PF;132;paga;06/10/2021
2021-08;egaV9NU1g6gQzJKHRKsd7A==;108,39;PF;132;paga;23/08/2021
2021-08;Hq5rKuhL4vcPCEAqKSBztA==;109,21;PF;133;paga;03/09/2021
2021-08;UsHK7PgOieW38yp1JepzOQ==;109,21;PF;133;paga;11/09/2021
2021-08;Za1osX6qAtnHHjGNihIdrg==;110,03;PF;134;paga;15/09/2021
2021-08;KWis/WAxh+vO2YVFVmCvdA==;110,03;PF;134;paga;17/09/2021
2021-08;wKMSdRnJaPcK5OSZefCj7A==;110,03;PF;134;atrasada;11/09/2021
2021-08;lN75A4YK314NTDasExAyzw==;111,67;PF;136;paga;22/09/2021
2021-08;0huwKrYwGsmRNdMXQAE2jQ==;111,67;PF;136;atrasada;09/09/2021
2021-08;vYMnR618F0IAzLlJj6XSEg==;111,67;PF;136;atrasada;11/09/2021
2021-07;wOUVGpMY7f16XTjpBWQ6CQ==;112,49;PF;137;paga;24/08/2021
2021-07;l5eWnnF0aiTVTrYmNaxvSw==;112,49;PF;137;atrasada;03/08/2021
2021-07;XxUJzSWohZpUtzmVGQgmsA==;112,49;PF;137;atrasada;11/08/2021
2021-07;yLQprTazAdV3AfBeKqeRbQ==;112,49;PF;137;paga;17/08/2021
2021-07;5zdXk+Yzi8dm+ho11Rn82w==;112,49;PF;137;paga;13/08/2021
2021-07;qxUSgu+zB79dRUUnPBf4pQ==;112,49;PF;137;paga;06/08/2021
2021-07;vMGbtDBRxmRqyhA+emQYuQ==;112,49;PF;137;atrasada;22/08/2021
2021-07;cnYZeRjUvWNFmdSU3Ko2+w==;112,49;PF;137;paga;27/07/2021
2021-07;5yEf2wtx35YxnIw0WhJvSw==;112,49;PF;137;paga;25/07/2021
2021-07;RLGgEEST0wKTtjmUpkgedQ==;112,49;PF;137;paga;06/08/2021
2021-07;MiADKvNNwRES0l8ziJejyg==;112,49;PF;137;paga;11/08/2021
2021-07;lN75A4YK314NTDasExAyzw==;112,49;PF;137;paga;22/08/2021
2021-08;b77jb6PdEw/AuGtn0xMCGw==;113,31;PF;138;paga;11/09/2021
2021-08;Qf+j5OlrKcU0lXRIYfZ4tQ==;114,95;PJ;140;paga;17/09/2021
2021-08;wckgF0Ifr9/KUHWBbP/Ndw==;115,78;PF;141;paga;11/09/2021
2021-08;HVltQOhjud5PMHcM/5Qrmw==;115,78;PF;141;paga;27/08/2021
2021-07;mjIJhQrgXkCy7rRy7AxJHQ==;116,6;PF;142;atrasada;13/08/2021
2021-08;rulwPA84H1S8+I+GB36zdw==;116,6;PF;142;paga;11/09/2021
2021-08;J1n5zcD4/EZUvpXuMOZcGQ==;116,6;PF;142;paga;22/08/2021
2021-08;T75RwUdKAiSS9m9WAP4HYA==;116,6;PF;142;paga;06/09/2021
2021-08;hHU9zMo7tuHcFPFqpwttjw==;118,24;PF;144;paga;03/09/2021
2021-08;k4fMQkjF4BDIsZcVwq9L0g==;118,24;PF;144;paga;11/09/2021
2021-07;w15EKe4KmrdYnNKScq9kVQ==;119,06;PF;145;paga;17/08/2021
2021-08;GgalMmgHpA+GZ3vo0wCrIg==;119,06;PF;145;paga;18/09/2021
2021-06;rWh2s/k2UHNy/7BuGcyMsQ==;119,88;PF;146;paga;14/07/2021
2021-07;/kEY/v0rP6hwwpsHS/4z0w==;119,88;PF;146;paga;10/09/2021
2021-08;kcqH6iodQT8LWlmURmI5dg==;119,88;PF;146;paga;27/09/2021
2021-08;HKDoob8XWYHkgX5f9GoMrw==;119,88;PF;146;paga;22/08/2021
2021-07;v2orRfMK38qXWupavn7Ehg==;120,7;PF;147;paga;22/08/2021
2021-08;b58Nf5idxgSalgEv0WlO7Q==;120,7;PF;147;paga;11/09/2021
2021-08;DTTS7GkxaBYA4YDa4tByFQ==;120,7;PF;147;paga;06/09/2021
2021-07;XYo5douM4CMw1nrEi4xPpA==;121,52;PF;148;paga;11/08/2021
2021-08;mjIJhQrgXkCy7rRy7AxJHQ==;121,52;PF;148;atrasada;13/09/2021
2021-08;QkMST/pLik6WesQCSJaYfw==;121,52;PF;148;atrasada;11/09/2021
2021-08;lo7dhMYBgeoyK1AastcSPg==;122,34;PF;149;paga;10/09/2021
2021-08;hKm4b48Uu4/Wz2h9xG8ILA==;123,17;PF;150;atrasada;17/09/2021
2021-08;Sp1CJHNIt0vmnWrxIL4A+Q==;123,17;PF;150;paga;06/09/2021
2021-08;rB4WT5NPzbG/cUDP/gLB5w==;123,17;PF;150;paga;27/08/2021
2021-08;YXfq6l5npiorACfSxNtGTQ==;123,99;PF;151;paga;23/08/2021
2021-08;2UAH4sRF5vRvGMUt5IjQWQ==;123,99;PF;151;paga;17/09/2021
2021-08;DV+Np0YplbQpcJJzIy+BNA==;123,99;PF;151;paga;18/09/2021
2021-08;BGOkNhli52eW8kqAT4LkKg==;123,99;PF;151;paga;11/09/2021
2021-08;XQ/fb2VdNj3mcZAj6Iryhw==;124,81;PF;152;paga;06/09/2021
2021-08;flM4Z50LjmJjGb43L2SEpA==;125,63;PF;153;paga;09/09/2021
2021-08;OH9GESv2oBSHT+PBxok+KQ==;125,63;PF;153;paga;17/09/2021
2021-08;JIVoSiIN6prTAA8ryS9B9g==;125,63;PF;153;paga;17/09/2021
2021-08;2UjwCve3t34vS+LPNSJNtg==;126,45;PF;154;paga;11/09/2021
2021-08;6CDyEKgtCmg/UFE/f1iZkg==;126,45;PF;154;paga;01/09/2021
2021-06;is7+EcidED1cUGcVIPij0Q==;127,27;PF;155;paga;25/06/2021
2021-07;ho0zKpjJioZA1Ouom/ka9A==;127,27;PF;155;atrasada;13/08/2021
2021-07;a9+nbO5cuvwJYIYAHcPcrg==;127,27;PF;155;atrasada;11/08/2021
2021-07;ihXi1EOI/0MMg4R2/2klmQ==;127,27;PF;155;paga;06/08/2021
2021-07;u5oOe/e4XTuYcjkOg51KIA==;127,27;PF;155;atrasada;25/07/2021
2021-07;jrP2BWf2xzE7LzBDCtYqEw==;127,27;PF;155;paga;17/08/2021
2021-07;Ebf8QcE5qygcuJgPxn8M5A==;127,27;PF;155;paga;14/08/2021
2021-07;GD1U7C+QNaksZ1EFg0DERQ==;127,27;PF;155;paga;17/08/2021
2021-07;UxHch4SzxWmLQzQaTmq3hw==;127,27;PF;155;atrasada;13/08/2021
2021-07;v3ph1Ccjsm+K+qWk3C2MCw==;127,27;PF;155;paga;05/08/2021
2021-08;h+0bdnuEZcDxX6+hk/UaKA==;127,27;PF;155;atrasada;17/09/2021
2021-08;Nk5jTqjG3kFoxJQST/dNqA==;127,27;PF;155;atrasada;27/09/2021
2021-07;TjiSdm3o4P+/tChxGoBLRw==;128,09;PF;156;paga;11/08/2021
2021-08;oR+wK0mFx6W6KbIsFCr8rA==;128,09;PF;156;paga;06/09/2021
2021-08;j7ymgTQaS3fJTYG2oDbHWA==;128,91;PF;157;atrasada;14/09/2021
2021-08;bxwsOn7X/zS75WHcXoRPtw==;128,91;PF;157;atrasada;22/09/2021
2021-08;dekHmDJFC3dtdTAXaAfpcA==;129,73;PF;158;paga;18/09/2021
2021-08;IxS0HYS+RdQVstzQnQjjNg==;129,73;PF;158;paga;04/09/2021
2021-07;Y0LVpcOIlwFV4ZHD388N5g==;130,55;PF;159;paga;13/08/2021
2021-07;rulwPA84H1S8+I+GB36zdw==;130,55;PF;159;paga;11/08/2021
2021-08;FWTTaWpc7tvk2bapk097Ww==;130,55;PF;159;paga;27/08/2021
2021-08;DYW6hWjA8bvRAbn5QdUBkQ==;130,55;PF;159;paga;10/09/2021
2021-08;is7+EcidED1cUGcVIPij0Q==;131,38;PF;160;paga;25/08/2021
2021-08;euwm36nBoYJgGFAZINzX5g==;131,38;PF;160;paga;11/09/2021
2021-06;d6pLfG5+4f0YMOrv98AUPQ==;132,2;PF;161;paga;11/07/2021
2021-07;IKm2dnudOjyN46LpDQfqWQ==;132,2;PF;161;paga;11/09/2021
2021-08;uDVabvZaMaij7vTv5WQSMw==;132,2;PF;161;paga;27/08/2021
2021-08;LVd/yEyFNPZMVC36fvg2XQ==;132,2;PF;161;atrasada;06/09/2021
2021-08;soVkocXiYwOHgROIsfg8TA==;132,2;PF;161;paga;08/09/2021
2021-08;ZpZFH4nyD62VYk1tprvDaQ==;133,02;PF;162;paga;17/09/2021
2021-08;1kQq8sK8nDpYaj/n6+o0RA==;133,84;PF;163;paga;06/09/2021
2021-08;h2d18bWYEXrdMagVPvKteQ==;134,66;PF;164;atrasada;27/09/2021
2021-08;h01+h1LRsFYEUbjFiOhGog==;134,66;PF;164;paga;17/09/2021
2021-08;+F43nFNF8ZGv3BTn0tMPKQ==;134,66;PF;164;paga;11/09/2021
2021-08;QgJoQ7pWq8Jhqymr5gmYGw==;135,48;PF;165;paga;08/09/2021
2021-08;jYAy64d+zbOZTH2i+iQjQg==;135,48;PF;165;paga;02/09/2021
2021-08;tUZHSnIzKBNuRkdilYa5pg==;135,48;PF;165;paga;11/09/2021
2021-08;6qVedCTt9cmNiYkd/eF9CQ==;135,48;PF;165;paga;04/09/2021
2021-08;Mf3+bIqH4YqZj5YL/1xDAg==;135,48;PF;165;atrasada;17/09/2021
2021-08;Zu6G+LRpeIpwlymgiuSEyQ==;135,48;PF;165;paga;06/09/2021
2021-08;MoFqTuP2LaS7TtL1TNW1Vw==;135,48;PF;165;paga;27/08/2021
2021-08;2NMy6a7XybTTBYfQaS/glA==;135,48;PF;165;paga;27/08/2021
2021-08;CQmgg5y9/MJ417YMsRNitw==;135,48;PF;165;atrasada;22/09/2021
2021-08;XQCz0VSP2DlJh7KOpeD8/A==;135,48;PF;165;paga;18/09/2021
2021-08;vc5if/RYW2jecZCCxXYsHw==;137,12;PF;167;paga;02/09/2021
2021-08;cO90drFYwmPS9RrpoVs1eg==;137,12;PF;167;paga;22/08/2021
2021-06;lj5eb6IkwfvdDanmrolJBg==;137,94;PF;168;atrasada;04/07/2021
2021-07;ttIjSRljsOZg15+xtpOb2A==;137,94;PF;168;atrasada;30/08/2021
2021-07;ahDp3oos3j7mI55w65Mtyw==;137,94;PF;168;paga;08/08/2021
2021-08;YoAWAndesF68Ftz1poolOQ==;137,94;PF;168;paga;17/09/2021
2021-08;K75NAI7YPYujCLTL4eV3FQ==;137,94;PF;168;atrasada;11/09/2021
2021-08;tzUheJNp/7HnM0wnQn7VJg==;137,94;PF;168;paga;04/09/2021
2021-08;yQa1QMZ4FPSYEFpF4aJzLw==;137,94;PF;168;paga;11/09/2021
2021-08;GpjYTIrMKt8D2hrDoRJahg==;138,77;PF;169;paga;13/09/2021
2021-08;b/kVHB2NGLhVpLthNnLkHg==;138,77;PF;169;paga;11/09/2021
2021-08;TjiSdm3o4P+/tChxGoBLRw==;139,59;PF;170;paga;11/09/2021
2021-07;G7xbOYUkl0kU5gCYpIK8Rg==;140,41;PF;171;paga;08/08/2021
2021-08;H5MIGdR9c3WBzhoR/wvxTg==;140,41;PF;171;paga;17/09/2021
2021-07;aUVQxsPA71sRXUCVso8eqw==;141,23;PF;172;paga;04/08/2021
2021-07;fO2A7J0j8erKRiZnbY+TLA==;141,23;PJ;172;paga;14/08/2021
2021-07;DLRdET/NZHPCbJSgIGThRA==;141,23;PF;172;paga;11/08/2021
2021-07;s6Ti+6xVP6wMCOpTkcS5DA==;141,23;PF;172;paga;05/08/2021
2021-07;Smf+XPSZqvZ1D0bBNAZs7Q==;141,23;PF;172;atrasada;27/08/2021
2021-07;bZBOVVn4DbpD4RDNmFELHQ==;141,23;PF;172;paga;27/08/2021
2021-07;+GycBY0/EG9v56mS7lRVoQ==;141,23;PF;172;paga;04/08/2021
2021-08;SMr3FHhSaLNv4rSqshyd8w==;141,23;PF;172;paga;27/09/2021
2021-08;acoT2u5mHURKRxUAxI7mow==;141,23;PF;172;atrasada;27/09/2021
2021-08;Itjwih2+a9Dx1VoX5RuDqQ==;142,05;PF;173;paga;17/09/2021
2021-07;PW/Ab+m2L9GM5EXRu/8T3Q==;142,87;PF;174;paga;22/07/2021
2021-07;lj5eb6IkwfvdDanmrolJBg==;142,87;PF;174;atrasada;04/08/2021
2021-08;0TUOF9pEJpx3gdD8MUzM8A==;143,69;PF;175;atrasada;09/09/2021
2021-08;bDYmZoV8I+IIm+GYF9C7SA==;143,69;PF;175;paga;06/09/2021
2021-08;DK818xLJgk3oURtbqGVlvg==;143,69;PF;175;paga;27/08/2021
2021-07;cO90drFYwmPS9RrpoVs1eg==;144,51;PF;176;paga;22/07/2021
2021-08;JHj+kppxEspGPU35J3Deiw==;144,51;PF;176;paga;27/09/2021
2021-08;EgHwwptCNmi0UHN6MNC5Zg==;145,33;PF;177;paga;10/09/2021
2021-08;XYo5douM4CMw1nrEi4xPpA==;145,33;PF;177;paga;11/09/2021
2021-06;G7xbOYUkl0kU5gCYpIK8Rg==;146,16;PF;178;paga;08/07/2021
2021-06;cO90drFYwmPS9RrpoVs1eg==;146,98;PF;179;paga;22/06/2021
2021-06;w15EKe4KmrdYnNKScq9kVQ==;146,98;PF;179;paga;17/07/2021
2021-06;bZBOVVn4DbpD4RDNmFELHQ==;146,98;PF;179;paga;27/07/2021
2021-08;p/lU43ChQX54+7CdQQ3/Kw==;146,98;PF;179;paga;29/09/2021
2021-08;cnYZeRjUvWNFmdSU3Ko2+w==;146,98;PF;179;paga;27/08/2021
2021-08;JIEszyQvL0Kv/KIPuvLBHA==;146,98;PF;179;atrasada;13/09/2021
2021-06;/9YsZAdreFh0x4wCVfDHfQ==;147,8;PF;180;paga;11/07/2021
2021-07;Am2uZwnjhEB3D3X05Zdzig==;148,62;PF;181;atrasada;26/08/2021
2021-08;X306EdQCQGbqeFTqj7dSng==;148,62;PF;181;paga;09/09/2021
2021-08;pacOHQQaN6cW8sKBf0hqSA==;148,62;PJ;181;paga;23/08/2021
2021-06;rulwPA84H1S8+I+GB36zdw==;149,44;PF;182;paga;11/07/2021
2021-06;hSm0uJRnbkP88is8Zu8tdw==;149,44;PF;182;paga;27/06/2021
2021-08;tcdngc5tWIiggNH2i/0WkQ==;149,44;PF;182;paga;04/09/2021
2021-08;YIfpVr/X+963CtN4HceaIg==;149,44;PF;182;atrasada;09/09/2021
2021-08;G2OSrtn9uoa7N2Qt8/8+0g==;149,44;PF;182;paga;02/09/2021
2021-06;6qVedCTt9cmNiYkd/eF9CQ==;150,26;PF;183;paga;04/07/2021
2021-07;WTpHPPpw6n6K73Kn4TvYbA==;150,26;PF;183;paga;11/08/2021
2021-06;Pg3I1Vs6l0MAYB4Msm/UAg==;151,08;PF;184;atrasada;27/06/2021
2021-07;pZNiOKlJE8TX9ew03oJuEA==;151,08;PF;184;paga;17/08/2021
2021-08;wfiC/QpN6dv/l22TrAh89Q==;151,08;PF;184;paga;18/09/2021
2021-08;IZKi/dzuMn7sDBy8vhtobw==;151,08;PF;184;paga;22/09/2021
2021-08;BAXfecd51E2df+EvPcuebg==;151,9;PF;185;paga;13/09/2021
2021-07;dp5RqtyQetwwIkKuX8TAow==;152,72;PF;186;paga;27/07/2021
2021-07;ditaNBV13VRSDXcJOin/Eg==;152,72;PF;186;paga;17/08/2021
2021-08;esXB9Id19477jDGHmjiE3g==;152,72;PF;186;atrasada;27/09/2021
2021-08;GUzHlfbr0TJ0BIvZhufOfA==;153,55;PF;187;paga;01/09/2021
2021-08;NRWLVwXwT8uyiUr8OeIqJQ==;153,55;PF;187;paga;04/09/2021
2021-08;EjnJYooQSRyb8qoJ7lmQxA==;153,55;PF;187;paga;11/09/2021
2021-08;HO2XjEYSQ7V9jgbnc6ovCA==;153,55;PJ;187;paga;23/08/2021
2021-08;sxMI26U9Gf4cvbsorny9aw==;153,55;PF;187;atrasada;27/09/2021
2021-08;dyDKhqfODubc3SJ1tQTr+A==;153,55;PF;187;paga;11/09/2021
2021-08;KhX6CYSD4qFeD7ZFblk8Ag==;153,55;PF;187;paga;11/09/2021
2021-08;dSkQLhNKJn/pywhCdwq5EA==;153,55;PF;187;atrasada;06/09/2021
2021-07;/9YsZAdreFh0x4wCVfDHfQ==;154,37;PF;188;paga;11/08/2021
2021-07;dMSyV7QV6tM6UsTIv9P6yQ==;154,37;PF;188;atrasada;17/08/2021
2021-07;JIEszyQvL0Kv/KIPuvLBHA==;154,37;PF;188;atrasada;13/08/2021
2021-08;dDJzgWwG5iO1U3M+nDhZQg==;154,37;PF;188;atrasada;03/09/2021
2021-08;3C2n2WQt2ty8uGDWLFphhA==;154,37;PF;188;atrasada;17/09/2021
2021-08;vi8NLEhYjRPhFMDTBcy9mg==;156,01;PF;190;paga;11/09/2021
2021-08;9gv4zy73ejYd9lkQi6ImhQ==;156,01;PF;190;paga;11/09/2021
2021-08;rn6LckxE677zoR2JbJ9dCQ==;156,01;PF;190;paga;06/09/2021
2021-08;/NVc26db4S5Zyh+3gj5BxA==;157,65;PF;192;paga;10/09/2021
2021-08;qc9OZtfsBsrKD70nYEB87g==;158,47;PF;193;atrasada;12/10/2021
2021-08;oMe76NfZYiGggeUkEqmHCg==;158,47;PF;193;paga;08/09/2021
2021-08;pBQch1FKaZyNfDHGaBR0nQ==;158,47;PF;193;paga;11/09/2021
2021-08;mJ/srCit/PlQIzR6jcPXlA==;159,29;PF;194;atrasada;10/09/2021
2021-08;x30nHgTZWDSFEC9asleGUg==;159,29;PF;194;paga;23/08/2021
2021-08;Xqvj9UuW+hDeth1Y3hL5fQ==;159,29;PF;194;paga;02/09/2021
2021-08;+WEg7jYkrRNWbkK55xKnqA==;160,11;PF;195;paga;18/09/2021
2021-08;6QRhlGEooj/XBzW5S9gfHg==;160,11;PF;195;paga;13/09/2021
2021-08;COYG7vGPidIY9syR8J5atg==;160,11;PF;195;paga;11/10/2021
2021-08;46L9EnpfUKy031XPyBv5Xg==;160,11;PF;195;paga;02/09/2021
2021-08;s6Ti+6xVP6wMCOpTkcS5DA==;160,11;PF;195;paga;05/09/2021
2021-06;HZb69Y3+u/PH7MfRsBp/kQ==;160,94;PF;196;paga;22/07/2021
2021-07;shwndVw1zGqrthlkPcPG4Q==;160,94;PF;196;paga;05/08/2021
2021-08;q04BTB/GLgI2bcAw/Qxa+A==;160,94;PF;196;paga;27/09/2021
2021-08;A+b7YXOv9GdFil37WiHF2w==;161,76;PF;197;atrasada;09/09/2021
2021-08;Y8RD4bnVPixktb9rcxDIfA==;161,76;PF;197;paga;06/09/2021
2021-07;IGTswX+emqylQK310JzQdw==;162,58;PF;198;paga;11/08/2021
2021-08;fxqij7sz7osdGLQ1psAYDg==;162,58;PF;198;paga;01/09/2021
2021-08;kNw+plZCDVl072huBHAq/Q==;162,58;PF;198;paga;01/09/2021
2021-08;w15EKe4KmrdYnNKScq9kVQ==;162,58;PF;198;paga;17/09/2021
2021-08;y0T0C2QvQuc1kJBkEI3W7g==;162,58;PF;198;paga;11/09/2021
2021-08;TN7XLk8DZoOaFJo2rCO+dQ==;162,58;PF;198;paga;27/09/2021
2021-08;HeZIp8A0HcKUqfmU/K/vOA==;162,58;PF;198;paga;05/09/2021
2021-08;fYhlKzvicG/gvWGUBMf8ug==;162,58;PF;198;paga;02/09/2021
2021-08;sPzH/dp6xVUsZDaLhmVSaA==;162,58;PF;198;paga;11/09/2021
2021-08;h0fb81qpFHuLRJ0uFmtyVg==;162,58;PF;198;paga;11/09/2021
2021-08;Fb2XHauLUop6NLnAm5Ka6g==;162,58;PF;198;paga;11/09/2021
2021-08;AYKYZ7G1WeF2S8S3/StJcw==;162,58;PF;198;paga;02/09/2021
2021-08;HybvG9JESXEg93vbaVMILg==;162,58;PF;198;em aberto;29/10/2021
2021-08;Uzl4w2LxNOb6RyC/k+DyrA==;162,58;PF;198;atrasada;10/09/2021
2021-08;e2El7h1NwQKxkukpgEdwww==;163,4;PF;199;paga;14/09/2021
2021-08;aHJj+dnlwdQFTeY2qu79ww==;163,4;PF;199;atrasada;25/10/2021
2021-08;PMVo98FyaONOy3yhC5ROWg==;163,4;PF;199;paga;10/10/2021
2021-08;5zdXk+Yzi8dm+ho11Rn82w==;163,4;PF;199;paga;18/09/2021
2021-08;ahDp3oos3j7mI55w65Mtyw==;163,4;PF;199;paga;08/09/2021
2021-06;Jxzb78OlaZydIrDOvDQW9A==;164,22;PF;200;paga;11/07/2021
2021-08;6wcXhUUmn96vKufoC3uReQ==;165,04;PF;201;paga;01/09/2021
2021-08;1azmXMW/g1V0QcGVE1JgHA==;165,86;PF;202;paga;09/09/2021
2021-08;KvatbBjIjwYZXLFr/fHdYQ==;165,86;PF;202;paga;13/09/2021
2021-08;cnSJ9E2i1guqHe8XH5/Ksg==;165,86;PF;202;atrasada;17/09/2021
2021-08;/kEY/v0rP6hwwpsHS/4z0w==;166,68;PF;203;paga;08/09/2021
2021-08;1CjAW0M7eKn87F+ldkZEEA==;166,68;PF;203;paga;17/09/2021
2021-08;KXyNL4HKcwm0hkbrIGgAOA==;166,68;PF;203;atrasada;06/09/2021
2021-08;2gT8z1qC0bb9N/7u9+8LVQ==;167,5;PF;204;paga;14/09/2021
2021-07;D8XJZLQay7E67Y8Qu71GXA==;168,33;PF;205;paga;11/08/2021
2021-08;oAb47SQTmCBWvYHaZJp4Zw==;168,33;PF;205;atrasada;25/08/2021
2021-08;nzkuC5cO9JDYZ40ss35h9Q==;168,33;PF;205;paga;06/09/2021
2021-08;0N+4t6GGVg6P81m5/GOiXw==;168,33;PF;205;paga;17/09/2021
2021-06;PW/Ab+m2L9GM5EXRu/8T3Q==;169,15;PF;206;paga;22/06/2021
2021-08;eRVqyUTZdT5UJhmQzVQhag==;169,15;PF;206;paga;11/09/2021
2021-08;rdp1yD6rrd/z4miE1wHPrg==;169,15;PF;206;atrasada;27/09/2021
2021-08;+HuzRDvNs5Qw5ST27ZuvNQ==;169,15;PF;206;paga;24/09/2021
2021-08;fn2qTvj/uy4bkYBCrF1Iew==;169,15;PF;206;paga;11/09/2021
2021-07;gu6bLEEC1byhKam8IC5nAA==;169,97;PF;207;paga;10/08/2021
2021-07;kkDaavtIoHIFoKUTel7Rww==;170,79;PF;208;paga;08/08/2021
2021-08;vpOmlK02ZEl1somitY9o/g==;170,79;PF;208;atrasada;04/09/2021
2021-08;Vm289JJa4ENy0wfES9dZOg==;171,61;PF;209;paga;11/09/2021
2021-08;jzGdiIC6wSH+q0XL6pALzw==;171,61;PF;209;paga;22/09/2021
2021-08;dp5RqtyQetwwIkKuX8TAow==;171,61;PF;209;paga;27/08/2021
2021-08;Y0LVpcOIlwFV4ZHD388N5g==;171,61;PF;209;atrasada;09/09/2021
2021-08;+NgyhVMFq5PG/IiS8SRVcQ==;172,43;PF;210;paga;11/09/2021
2021-08;rhge4R+AjZGo2dqIa/QU+A==;173,25;PF;211;paga;27/08/2021
2021-06;ttIjSRljsOZg15+xtpOb2A==;174,07;PF;212;atrasada;30/08/2021
2021-08;G7xbOYUkl0kU5gCYpIK8Rg==;174,07;PF;212;paga;08/09/2021
2021-08;VvbDG4ofu0IRb3c1xTpaww==;174,07;PF;212;paga;14/09/2021
2021-06;lN75A4YK314NTDasExAyzw==;174,89;PF;213;paga;22/07/2021
2021-08;EzIWP8YLRZ0lkZK5uxaZYA==;175,72;PF;214;paga;16/09/2021
2021-07;NMqVY/b5mLGAlNZe5LrLtg==;177,36;PF;216;paga;06/08/2021
2021-06;TjiSdm3o4P+/tChxGoBLRw==;178,18;PF;217;paga;11/07/2021
2021-08;hSm0uJRnbkP88is8Zu8tdw==;178,18;PF;217;paga;27/08/2021
2021-08;EbHxSAHLKyk8IKQF/8cjPQ==;178,18;PF;217;paga;11/09/2021
2021-08;vZEgUzpqzS1Mn451mCgHiw==;178,18;PF;217;paga;14/09/2021
2021-08;Smf+XPSZqvZ1D0bBNAZs7Q==;179;PF;218;atrasada;27/09/2021
2021-06;/kEY/v0rP6hwwpsHS/4z0w==;179,82;PF;219;paga;08/07/2021
2021-07;JedxCD3PsKu1/oQhn4pYaw==;179,82;PF;219;paga;01/09/2021
2021-08;mGk7wCFMz0DBspZoRQ4UYg==;179,82;PF;219;paga;03/09/2021
2021-08;S6/FOPfxJpaXCs99NSZyTg==;179,82;PF;219;paga;18/09/2021
2021-08;D/r7JHJ3GLjb2NaQdmpjMQ==;179,82;PF;219;paga;11/09/2021
2021-08;ceMBuecmXq3uwUQolR5NzA==;180,64;PF;220;atrasada;25/08/2021
2021-08;fPqAuGRM1wHOEi4X2rfdYQ==;180,64;PF;220;paga;27/09/2021
2021-08;PW/Ab+m2L9GM5EXRu/8T3Q==;180,64;PF;220;paga;22/08/2021
2021-08;GD1U7C+QNaksZ1EFg0DERQ==;181,46;PF;221;paga;17/09/2021
2021-08;ho0zKpjJioZA1Ouom/ka9A==;181,46;PF;221;atrasada;13/09/2021
2021-08;yLQprTazAdV3AfBeKqeRbQ==;181,46;PF;221;paga;17/09/2021
2021-07;DIqSQCYDj1vdzLAv/Es/cw==;182,28;PF;222;atrasada;11/08/2021
2021-08;fYYTG/SyndyshnC+82lKzw==;182,28;PF;222;atrasada;18/09/2021
2021-08;CJDY15H9W0PUDt3Z56fzhg==;182,28;PF;222;paga;08/09/2021
2021-07;fPqAuGRM1wHOEi4X2rfdYQ==;183,11;PF;223;paga;18/08/2021
2021-07;Di9u4ssP8tPV7TjeJ8F+jQ==;183,11;PF;223;atrasada;06/09/2021
2021-07;6C60MfQkc0MO4UA8hlIZtA==;183,11;PF;223;paga;22/08/2021
2021-07;pK6NpJ84geJiNGm6pK+RkQ==;183,11;PF;223;paga;22/07/2021
2021-08;pZNiOKlJE8TX9ew03oJuEA==;183,11;PF;223;paga;17/09/2021
2021-06;XYo5douM4CMw1nrEi4xPpA==;183,93;PF;224;paga;11/07/2021
2021-08;DA37LwGUBmSVEfwqWdE69Q==;183,93;PF;224;paga;01/09/2021
2021-08;SF1rdJlRzKbB9t1y9YVHSA==;184,75;PF;225;atrasada;01/09/2021
2021-06;jrP2BWf2xzE7LzBDCtYqEw==;185,57;PF;226;paga;17/07/2021
2021-06;ditaNBV13VRSDXcJOin/Eg==;185,57;PF;226;paga;11/07/2021
2021-06;UxHch4SzxWmLQzQaTmq3hw==;185,57;PF;226;atrasada;13/07/2021
2021-08;q2lykMvBDO66hAqYWOHAgw==;185,57;PF;226;atrasada;02/09/2021
2021-08;UlnkuDpRLKlqtstlpS6HwQ==;185,57;PF;226;paga;17/09/2021
2021-08;Gxu23HbaLIU9z3QxVsC4kg==;186,39;PF;227;atrasada;22/08/2021
2021-08;U/eBtk10PWz+98YjkiFtAA==;186,39;PF;227;paga;02/09/2021
2021-07;hOOl56RQXLu2/z+FZBsxUg==;187,21;PF;228;paga;06/08/2021
2021-08;8XGraYmKPW2lrDNd5ECMmQ==;187,21;PF;228;paga;02/09/2021
2021-08;DL98kXm6yOo2HvluYeWXng==;188,03;PF;229;paga;09/09/2021
2021-06;dp5RqtyQetwwIkKuX8TAow==;188,85;PF;230;paga;27/06/2021
2021-08;v8/22n3vTA7OhVYeKOT6Fg==;188,85;PF;230;atrasada;22/09/2021
2021-08;NMqVY/b5mLGAlNZe5LrLtg==;188,85;PF;230;atrasada;06/09/2021
2021-08;+E8fQGYekj08B6VOJmb65g==;188,85;PF;230;paga;08/09/2021
2021-08;Q11uqc9PCFAjT4Yrh6Ah0Q==;188,85;PF;230;paga;14/09/2021
2021-08;f6m5Bp+CzvVbUMo8B4GZwQ==;188,85;PF;230;atrasada;22/09/2021
2021-08;WYqnad9Yl/aW0/sBpFwZoQ==;188,85;PF;230;atrasada;24/09/2021
2021-08;jrP2BWf2xzE7LzBDCtYqEw==;188,85;PF;230;atrasada;17/09/2021
2021-08;fQ/tz+j57Q/LjqFagnqeKQ==;188,85;PF;230;paga;13/09/2021
2021-08;aLlz1fncweLBRJTVCblqUg==;188,85;PF;230;paga;11/09/2021
2021-08;92HxhQKZ3umCpFJucKj/8w==;189,67;PF;231;paga;22/09/2021
2021-08;VKD8G5NshQroaIPHqFe9kA==;189,67;PF;231;paga;02/09/2021
2021-08;/9YsZAdreFh0x4wCVfDHfQ==;189,67;PF;231;paga;11/09/2021
2021-08;z2JUlH4uvlA9+b1doN7T1g==;189,67;PF;231;paga;06/09/2021
2021-08;FQpQ5PnNGC76MSw9eW3oEQ==;189,67;PF;231;paga;02/09/2021
2021-08;sYX5UEZYOvKI6YurF0NdDw==;189,67;PF;231;paga;27/08/2021
2021-08;HSUA67lkPWTCORUgnMNIDQ==;189,67;PF;231;paga;11/09/2021
2021-08;nbMAJtZvAoPXNN6jTeCAig==;189,67;PF;231;paga;11/09/2021
2021-08;3Q1MDRbEREGqzPqvoQVTPg==;189,67;PF;231;atrasada;27/08/2021
2021-08;XtH/YeoPsdw5VVyvYoMqHA==;189,67;PF;231;paga;05/09/2021
2021-08;yuEH9vnanM+fWQnLr2BMXA==;189,67;PF;231;paga;11/09/2021
2021-08;HZb69Y3+u/PH7MfRsBp/kQ==;189,67;PF;231;atrasada;22/09/2021
2021-08;v2orRfMK38qXWupavn7Ehg==;189,67;PF;231;atrasada;22/09/2021
2021-08;Am2uZwnjhEB3D3X05Zdzig==;190,5;PF;232;atrasada;11/09/2021
2021-06;v2orRfMK38qXWupavn7Ehg==;191,32;PF;233;paga;22/07/2021
2021-08;+GycBY0/EG9v56mS7lRVoQ==;191,32;PF;233;paga;04/09/2021
2021-07;LH2SSA/LV4ZrsOdxSaO8Ww==;192,96;PF;235;paga;22/08/2021
2021-08;OYnN4phLfaAH56xtp/xHWQ==;192,96;PF;235;paga;27/08/2021
2021-06;pK6NpJ84geJiNGm6pK+RkQ==;193,78;PF;236;paga;22/06/2021
2021-08;wGKHeVlOEbFmfPokTak1zg==;194,6;PF;237;paga;02/09/2021
2021-07;LcAslXI1pkNZ3gl7fs8hJA==;196,24;PF;239;paga;04/08/2021
2021-07;/uD35UdBFtaPkFtxVpgYaQ==;196,24;PF;239;paga;16/08/2021
2021-07;6tUZF18ismxRus+1vQakWw==;196,24;PF;239;paga;17/08/2021
2021-07;R35+gb1YyFMvsq2a4JmY/A==;196,24;PF;239;atrasada;23/07/2021
2021-08;bZBOVVn4DbpD4RDNmFELHQ==;197,06;PF;240;paga;27/09/2021
2021-08;tUFZTRJs2UOecY98hvegng==;197,06;PJ;240;paga;06/09/2021
2021-07;ZPMqlZaHH+qePZGELZ/zXw==;197,89;PF;241;paga;13/08/2021
2021-08;mOet04UCYEm+nSfVaNDbxA==;198,71;PF;242;paga;08/09/2021
2021-08;fyBXYP9/fn048ZbUhNfZNQ==;199,53;PF;243;paga;11/09/2021
2021-06;pZNiOKlJE8TX9ew03oJuEA==;200,35;PF;244;paga;17/07/2021
2021-08;64evQB7KvGPJuibp6svPrw==;201,17;PF;245;paga;11/09/2021
2021-08;IKm2dnudOjyN46LpDQfqWQ==;201,17;PF;245;paga;11/10/2021
2021-08;LXK/erRDVyvIGcueZ6HtUQ==;202,81;PF;247;paga;11/09/2021
2021-08;QRmne2xZaoRn4NuS8NJt7Q==;202,81;PF;247;paga;08/09/2021
2021-08;9DQSuHBkzxxKgsaiqJ0Row==;204,45;PF;249;paga;11/09/2021
2021-08;XxUJzSWohZpUtzmVGQgmsA==;204,45;PF;249;atrasada;11/09/2021
2021-08;/1ZruYaOzHdcWM7oMQDHCA==;204,45;PF;249;paga;11/09/2021
2021-06;Am2uZwnjhEB3D3X05Zdzig==;205,28;PF;250;atrasada;11/07/2021
2021-07;+eccAsc0YcE1HVGcYWPAQw==;205,28;PF;250;paga;11/08/2021
2021-08;OpXaXQ1fM6KnHSSkD0V/CQ==;205,28;PF;250;paga;04/09/2021
2021-08;Ebf8QcE5qygcuJgPxn8M5A==;205,28;PF;250;paga;14/09/2021
2021-08;LcAslXI1pkNZ3gl7fs8hJA==;205,28;PF;250;paga;25/08/2021
2021-08;ZSzN9Rf/RILbxF+WBBA3lA==;206,1;PF;251;paga;11/09/2021
2021-06;shwndVw1zGqrthlkPcPG4Q==;206,92;PF;252;paga;05/07/2021
2021-08;8k5F37Vw97Qhxd4ADAhXDA==;206,92;PF;252;atrasada;22/09/2021
2021-08;xwGG9Y/XDktUD9/5zP3m0g==;207,74;PF;253;paga;11/09/2021
2021-08;shwndVw1zGqrthlkPcPG4Q==;207,74;PF;253;paga;05/09/2021
2021-08;ZR7+wr3OFB72ifiNpXK5IQ==;208,56;PF;254;paga;11/09/2021
2021-08;qxUSgu+zB79dRUUnPBf4pQ==;209,38;PF;255;atrasada;06/09/2021
2021-06;WTpHPPpw6n6K73Kn4TvYbA==;210,2;PF;256;paga;11/07/2021
2021-07;l0Po1vbj/D+wctXi/hJlgw==;210,2;PF;256;paga;11/08/2021
2021-07;oAb47SQTmCBWvYHaZJp4Zw==;210,2;PF;256;atrasada;25/07/2021
2021-08;ZPMqlZaHH+qePZGELZ/zXw==;210,2;PF;256;paga;17/09/2021
2021-08;3iscblEJoomexIIF583b6Q==;210,2;PF;256;paga;06/09/2021
2021-06;IKm2dnudOjyN46LpDQfqWQ==;211,02;PF;257;paga;11/08/2021
2021-08;WTpHPPpw6n6K73Kn4TvYbA==;211,02;PF;257;paga;11/09/2021
2021-07;1t0FGYFPJnFiOT4OiSr2Qg==;211,84;PF;258;paga;17/08/2021
2021-07;IfAPs4X77tHTC8Ag35jstA==;211,84;PF;258;atrasada;18/08/2021
2021-08;hwsCnqOsxvd4nVv30AIpEw==;211,84;PF;258;paga;10/09/2021
2021-08;+mMBVi+BS6u3oPciSg763A==;211,84;PF;258;paga;08/09/2021
2021-06;Y0LVpcOIlwFV4ZHD388N5g==;212,66;PF;259;paga;13/08/2021
2021-08;LKIxI00kd/4eTtxBNd10sw==;212,66;PF;259;atrasada;03/09/2021
2021-06;HeZIp8A0HcKUqfmU/K/vOA==;214,31;PF;261;paga;05/07/2021
2021-08;QgIi9OeDhJ/kEJrQuTmBNw==;214,31;PF;261;paga;11/09/2021
2021-08;/1QmPKzXASmRxsbo5VPFkw==;214,31;PF;261;paga;10/09/2021
2021-08;KijJoa+RlAAxw2kd1+tu6A==;215,13;PF;262;paga;06/09/2021
2021-08;8rkximqi9PHrfJpqelngsA==;215,95;PF;263;paga;09/09/2021
2021-08;bmHKyqKB7FNiDSPyOdEclg==;215,95;PF;263;paga;08/09/2021
2021-08;bxtxhMHSwNxt28KUNj0d4Q==;216,77;PF;264;paga;06/09/2021
2021-08;wXmvieklQhPSeoTjQCaZMg==;216,77;PF;264;paga;22/08/2021
2021-08;3+xYGEQos3A+LxUvjpGPHg==;216,77;PF;264;paga;03/09/2021
2021-08;QAccwWgsKNeKsqIGdGUq1w==;216,77;PF;264;atrasada;18/09/2021
2021-06;IGTswX+emqylQK310JzQdw==;217,59;PF;265;paga;11/07/2021
2021-07;xo6Ti926k8PyHtQvmCCQLg==;217,59;PF;265;paga;11/08/2021
2021-08;SxgeJXc75wptndiayWOGsA==;217,59;PF;265;paga;25/08/2021
2021-06;LcAslXI1pkNZ3gl7fs8hJA==;218,41;PF;266;paga;25/06/2021
2021-07;WoZqEf2ehYldQ/gNawHTeg==;218,41;PF;266;paga;10/08/2021
2021-08;4i3wt7x4ZTWbDxWzHH8SSw==;218,41;PF;266;atrasada;22/09/2021
2021-06;s6Ti+6xVP6wMCOpTkcS5DA==;220,88;PF;269;paga;05/07/2021
2021-08;qylb6MA8QRdi+SFPS3VmVw==;220,88;PF;269;paga;27/08/2021
2021-06;JedxCD3PsKu1/oQhn4pYaw==;224,16;PF;273;paga;01/08/2021
2021-08;sNIklII88BPXRiYRyxAmbQ==;224,16;PF;273;paga;09/09/2021
2021-08;wpSjqV6Zp3vBx1609Rd9tQ==;224,98;PF;274;paga;02/09/2021
2021-08;v3ph1Ccjsm+K+qWk3C2MCw==;224,98;PF;274;paga;05/09/2021
2021-08;OspIR5TKD4dvBtefONBSoQ==;224,98;PF;274;paga;22/08/2021
2021-08;YpKw8+7AIUemmXDfloZVBA==;224,98;PF;274;atrasada;05/09/2021
2021-08;66huBi4cPSx3iSDTHcGVEA==;225,8;PF;275;paga;03/09/2021
2021-08;4/ssLQW9k1O8LR0kJ/uT6w==;225,8;PF;275;paga;08/09/2021
2021-07;Hf1v5L/6SEmqHPYMSlnRdw==;226,62;PF;276;paga;23/07/2021
2021-06;XtH/YeoPsdw5VVyvYoMqHA==;227,44;PF;277;paga;05/07/2021
2021-06;IfAPs4X77tHTC8Ag35jstA==;229,09;PF;279;atrasada;18/08/2021
2021-07;SWF/C+LFRderNYEre8dfpg==;229,09;PF;279;paga;09/08/2021
2021-07;VnzrNPuVeaMv42hXcmhH8A==;229,91;PF;280;paga;11/08/2021
2021-08;OAReC7+gXNFkOM/SCtjscg==;229,91;PF;280;paga;10/09/2021
2021-08;Md8hF2TXjBuvaMKO3GoklQ==;230,73;PJ;281;paga;22/08/2021
2021-06;ahDp3oos3j7mI55w65Mtyw==;231,55;PF;282;paga;14/07/2021
2021-06;HHN7OMwIQ7GxPboqwDO/kQ==;232,37;PF;283;paga;22/07/2021
2021-06;+eccAsc0YcE1HVGcYWPAQw==;232,37;PF;283;paga;11/07/2021
2021-08;pK6NpJ84geJiNGm6pK+RkQ==;232,37;PF;283;paga;22/08/2021
2021-08;p8CIAT6f5tasN71PXpTEEQ==;233,19;PF;284;paga;11/09/2021
2021-08;vMGbtDBRxmRqyhA+emQYuQ==;233,19;PF;284;atrasada;22/09/2021
2021-08;aUVQxsPA71sRXUCVso8eqw==;233,19;PF;284;paga;04/09/2021
2021-08;DLRdET/NZHPCbJSgIGThRA==;234,01;PF;285;paga;11/09/2021
2021-08;Gmuk7Nvdbecp5GNpi7fplw==;234,83;PF;286;atrasada;11/09/2021
2021-08;xhfiL/mAaXtaS4pSCkUGuA==;234,83;PF;286;paga;22/08/2021
2021-08;a9+nbO5cuvwJYIYAHcPcrg==;236,48;PF;288;atrasada;11/09/2021
2021-07;4r+PAX1MKgvCV+Z05SpLKQ==;237,3;PF;289;paga;17/08/2021
2021-08;x3RKSBwZ5rgX+iv3t20X0g==;238,12;PF;290;paga;09/09/2021
2021-07;OSZlcyxf7q+qdBBg/dcDnQ==;239,76;PF;292;paga;05/08/2021
2021-08;sHd4+fo53XGeq06aimTthA==;239,76;PF;292;atrasada;06/09/2021
2021-08;ny1geuE7pWQLxbglldGI+w==;240,58;PF;293;paga;06/09/2021
2021-08;dai+sjs9u7IItyjuLyoqsA==;240,58;PF;293;atrasada;27/08/2021
2021-08;ihXi1EOI/0MMg4R2/2klmQ==;242,22;PF;295;paga;06/09/2021
2021-06;ZPMqlZaHH+qePZGELZ/zXw==;243,87;PF;297;paga;04/07/2021
2021-08;E/8WZ5irsMHXg1miDh/uNA==;243,87;PF;297;paga;02/09/2021
2021-08;JedxCD3PsKu1/oQhn4pYaw==;243,87;PF;297;paga;01/10/2021
2021-08;wOUVGpMY7f16XTjpBWQ6CQ==;243,87;PF;297;paga;05/10/2021
2021-08;/uD35UdBFtaPkFtxVpgYaQ==;243,87;PF;297;paga;17/09/2021
2021-08;MiADKvNNwRES0l8ziJejyg==;243,87;PF;297;atrasada;11/09/2021
2021-08;0AlcjEbpg7YnofQTGmo8iQ==;243,87;PF;297;paga;22/09/2021
2021-08;5yEf2wtx35YxnIw0WhJvSw==;243,87;PF;297;paga;25/08/2021
2021-08;RLGgEEST0wKTtjmUpkgedQ==;243,87;PF;297;paga;06/09/2021
2021-08;QuyDjSA+HpH38esNg7QufA==;244,69;PF;298;paga;01/09/2021
2021-07;/rIJHWogLgPPsCSicMig7w==;248,79;PF;303;atrasada;06/08/2021
2021-07;SxgeJXc75wptndiayWOGsA==;248,79;PF;303;paga;25/07/2021
2021-08;1t0FGYFPJnFiOT4OiSr2Qg==;248,79;PF;303;paga;17/09/2021
2021-07;GqVhTdLnn0v23vKr3GI06w==;249,61;PF;304;paga;17/08/2021
2021-08;IfAPs4X77tHTC8Ag35jstA==;249,61;PF;304;atrasada;23/08/2021
2021-08;l0Po1vbj/D+wctXi/hJlgw==;250,44;PF;305;paga;11/09/2021
2021-08;aFEi4VsOtL1P66vITcBlfA==;251,26;PJ;306;paga;06/09/2021
2021-06;6tUZF18ismxRus+1vQakWw==;252,9;PF;308;paga;17/07/2021
2021-08;KM5i56deYjq7WMZqbRQVFQ==;252,9;PF;308;paga;11/09/2021
2021-08;jflL/zbIvgrUOSZ9/+9RCA==;254,54;PF;310;paga;25/08/2021
2021-06;LH2SSA/LV4ZrsOdxSaO8Ww==;256,18;PF;312;paga;22/07/2021
2021-08;LH2SSA/LV4ZrsOdxSaO8Ww==;256,18;PF;312;paga;22/09/2021
2021-08;ip4OcGIqVRmGsaPjiLkEGQ==;258,65;PF;315;paga;18/09/2021
2021-08;G8lzjf+uXDYv8q80zOhVvQ==;260,29;PF;317;paga;27/08/2021
2021-08;6tUZF18ismxRus+1vQakWw==;261,11;PF;318;paga;17/09/2021
2021-08;m6setGOl8+0O557JhpaLkQ==;263,57;PF;321;paga;18/09/2021
2021-08;vzx5l88UfFAhjlFJRK1gzA==;263,57;PF;321;em aberto;01/11/2021
2021-08;I+SNpka9KvAmziv7COoF7w==;263,57;PF;321;atrasada;01/09/2021
2021-08;zRcpUKgQQWeGNNV65At1Hw==;264,39;PF;322;paga;17/09/2021
2021-08;qqQBvTopF4YCGCVrULzULg==;264,39;PF;322;paga;02/09/2021
2021-08;kkDaavtIoHIFoKUTel7Rww==;265,22;PF;323;paga;08/09/2021
2021-06;kkDaavtIoHIFoKUTel7Rww==;266,04;PF;324;paga;08/07/2021
2021-06;m6setGOl8+0O557JhpaLkQ==;266,86;PF;325;paga;18/07/2021
2021-07;6v5r4HKrPa8aTSgHXN7Rwg==;266,86;PF;325;paga;06/08/2021
2021-06;Hf1v5L/6SEmqHPYMSlnRdw==;268,5;PF;327;paga;23/06/2021
2021-08;Lrbgx9nDLOqljSlXKETzeA==;268,5;PF;327;paga;06/09/2021
2021-08;u5oOe/e4XTuYcjkOg51KIA==;270,14;PF;329;atrasada;25/08/2021
2021-08;lp1xeTIft2Epd9mcjPc51Q==;270,14;PF;329;paga;05/09/2021
2021-08;arjq/ls9+BHgjW15kV2yEA==;270,14;PF;329;paga;06/09/2021
2021-08;UmXb5XzbhIpTE5H6vCf1LA==;271,78;PF;331;atrasada;15/09/2021
2021-08;1Azh3nxFWtFYlI+Sh8bglg==;272,61;PJ;332;paga;22/08/2021
2021-08;dHY9hQmNOB/Ko+M218c6Ow==;280;PF;341;paga;27/09/2021
2021-07;xyiE1mNrzpJZLLWGp6P95g==;280,82;PF;342;paga;25/07/2021
2021-08;+eccAsc0YcE1HVGcYWPAQw==;281,64;PF;343;paga;11/09/2021
2021-08;SWF/C+LFRderNYEre8dfpg==;281,64;PF;343;paga;09/09/2021
2021-08;xyqzLzZYftbxYjt/cBsDfw==;284,92;PF;347;paga;06/09/2021
2021-08;Hw0dLDiwhgjr8jSXBKKzIQ==;284,92;PF;347;paga;14/09/2021
2021-06;SWF/C+LFRderNYEre8dfpg==;286,56;PF;349;paga;09/07/2021
2021-08;dMSyV7QV6tM6UsTIv9P6yQ==;286,56;PF;349;atrasada;17/09/2021
2021-06;dHY9hQmNOB/Ko+M218c6Ow==;287,39;PF;350;paga;09/09/2021
2021-07;dHY9hQmNOB/Ko+M218c6Ow==;287,39;PF;350;paga;09/09/2021
2021-08;fCUSM2UP573oHoYbWatwLA==;288,21;PF;351;atrasada;18/09/2021
2021-06;/uD35UdBFtaPkFtxVpgYaQ==;290,67;PF;354;paga;06/08/2021
2021-06;l5eWnnF0aiTVTrYmNaxvSw==;290,67;PF;354;atrasada;03/07/2021
2021-08;ljZQHH1rvDF/eCCnveIT8A==;290,67;PF;354;paga;10/09/2021
2021-08;9Kj48ClCMIPGICkZUUIjQQ==;292,31;PF;356;paga;17/09/2021
2021-06;DIqSQCYDj1vdzLAv/Es/cw==;293,95;PF;358;atrasada;11/07/2021
2021-07;dldkrI1U6wMdLiaG+N7qpg==;293,95;PF;358;paga;27/08/2021
2021-08;ifNwxfzxi0hM7YfoHlR9oA==;293,95;PF;358;paga;17/09/2021
2021-06;OSZlcyxf7q+qdBBg/dcDnQ==;295,6;PF;360;paga;05/07/2021
2021-08;fO2A7J0j8erKRiZnbY+TLA==;297,24;PJ;362;paga;14/09/2021
2021-08;R35+gb1YyFMvsq2a4JmY/A==;298,06;PF;363;atrasada;23/08/2021
2021-06;R35+gb1YyFMvsq2a4JmY/A==;298,88;PF;364;atrasada;23/06/2021
2021-08;IcaO+iaZU4TfPNLtjswDhQ==;299,7;PF;365;paga;13/09/2021
2021-08;VnzrNPuVeaMv42hXcmhH8A==;301,34;PF;367;paga;11/09/2021
2021-08;6C60MfQkc0MO4UA8hlIZtA==;301,34;PF;367;paga;22/09/2021
2021-08;Hf1v5L/6SEmqHPYMSlnRdw==;302,99;PF;369;paga;23/08/2021
2021-07;HHN7OMwIQ7GxPboqwDO/kQ==;303,81;PF;370;paga;22/08/2021
2021-08;yjWxCdg6FrRuqFrM1+WUxg==;303,81;PF;370;atrasada;27/09/2021
2021-08;ODEDXGx7PuYWbaKqKJnQ3A==;305,45;PF;372;atrasada;04/09/2021
2021-07;B2N6+wwgVhM5syJ/OpQv1A==;306,27;PF;373;paga;05/08/2021
2021-08;4r+PAX1MKgvCV+Z05SpLKQ==;306,27;PF;373;paga;17/09/2021
2021-07;YieGbjuc/+lZjaLfPIv9AA==;307,91;PF;375;paga;01/08/2021
2021-08;08uxcc6mTzhK8gkTXpyPrA==;311,2;PF;379;paga;23/08/2021
2021-06;SxgeJXc75wptndiayWOGsA==;312,02;PF;380;paga;05/07/2021
2021-08;6v5r4HKrPa8aTSgHXN7Rwg==;312,84;PF;381;paga;06/09/2021
2021-08;GqVhTdLnn0v23vKr3GI06w==;313,66;PF;382;paga;17/09/2021
2021-06;6v5r4HKrPa8aTSgHXN7Rwg==;316,12;PF;385;paga;06/07/2021
2021-08;wrxbkk6f14AQek2mKevGEw==;318,59;PF;388;paga;25/08/2021
2021-07;mjb2Dnm+u1enrzy/vQq0Kg==;320,23;PF;390;paga;06/08/2021
2021-08;WoZqEf2ehYldQ/gNawHTeg==;321,87;PF;392;paga;10/09/2021
2021-06;xo6Ti926k8PyHtQvmCCQLg==;322,69;PF;393;paga;11/07/2021
2021-07;tZELdVcO9eUpoQydgaTHig==;322,69;PF;393;paga;27/07/2021
2021-08;HHN7OMwIQ7GxPboqwDO/kQ==;322,69;PF;393;paga;22/09/2021
2021-06;/rIJHWogLgPPsCSicMig7w==;323,51;PF;394;atrasada;06/07/2021
2021-06;ffIig3xHjhZVLk0JShtG+A==;325,98;PF;397;paga;27/06/2021
2021-07;DNZoQa6d+h7eNzFFAtGgHA==;335,83;PF;409;paga;27/07/2021
2021-06;GqVhTdLnn0v23vKr3GI06w==;336,65;PF;410;paga;17/07/2021
2021-06;4r+PAX1MKgvCV+Z05SpLKQ==;342,4;PF;417;paga;17/07/2021
2021-08;MqSeiQbZ3dFmjh4ov/PzDg==;342,4;PF;417;paga;03/09/2021
2021-08;xw7PjeRIS6FLrS9lMUWH+A==;343,22;PJ;418;paga;01/09/2021
2021-08;gu6bLEEC1byhKam8IC5nAA==;346,5;PF;422;atrasada;10/09/2021
2021-06;9tOK/CBVpqxxMPt8FUVJGg==;348,97;PF;425;paga;05/07/2021
2021-08;D8XJZLQay7E67Y8Qu71GXA==;351,43;PF;428;paga;11/09/2021
2021-08;ETYOiriNkZXk7hv5nxiy7A==;352,25;PF;429;paga;17/09/2021
2021-06;VnzrNPuVeaMv42hXcmhH8A==;356,36;PF;434;paga;11/07/2021
2021-08;mJPp+sy6m8X1G9473KFFjg==;362,11;PJ;441;paga;01/09/2021
2021-08;dldkrI1U6wMdLiaG+N7qpg==;364,57;PF;444;paga;27/09/2021
2021-06;WoZqEf2ehYldQ/gNawHTeg==;376,06;PF;458;paga;20/07/2021
2021-06;B2N6+wwgVhM5syJ/OpQv1A==;376,88;PF;459;paga;05/07/2021
2021-08;vx7p+kU3A5Sk66ZyJe1mOg==;377,71;PF;460;paga;09/09/2021
2021-08;yWRYga2iK1r14cM7SknWZg==;379,35;PF;462;paga;08/09/2021
2021-08;B2N6+wwgVhM5syJ/OpQv1A==;382,63;PF;466;paga;05/09/2021
2021-08;wZ7L+AcsH9j779BRRz5C0Q==;395,77;PF;482;paga;27/08/2021
2021-08;6Cg29/GYVNFuOFLErYWNGw==;403,16;PF;491;atrasada;18/09/2021
2021-06;mjb2Dnm+u1enrzy/vQq0Kg==;403,98;PF;492;paga;01/07/2021
2021-08;xyiE1mNrzpJZLLWGp6P95g==;408,09;PF;497;paga;25/08/2021
2021-06;gu6bLEEC1byhKam8IC5nAA==;416,3;PF;507;paga;10/07/2021
2021-07;5SFNhs8DbCuQqxOF518FlQ==;420,4;PF;512;paga;23/07/2021
2021-08;xgZ+TBCr5SghFIl0q6E9ug==;421,22;PJ;513;paga;04/09/2021
2021-08;DNZoQa6d+h7eNzFFAtGgHA==;423,69;PF;516;paga;27/08/2021
2021-08;/rtBTlRIuJPmWJGYzTPB5w==;432,72;PF;527;atrasada;01/10/2021
2021-06;YieGbjuc/+lZjaLfPIv9AA==;440,11;PF;536;paga;01/07/2021
2021-08;lET7UCrjaG7Y3PJ+EdVQCw==;444,22;PF;541;paga;08/09/2021
2021-06;yWRYga2iK1r14cM7SknWZg==;449,96;PF;548;paga;08/07/2021
2021-07;4YsZD//BLNvHA3vEjJMfzA==;451,61;PF;550;paga;27/09/2021
2021-06;hOOl56RQXLu2/z+FZBsxUg==;471,31;PF;574;paga;06/07/2021
2021-08;hOOl56RQXLu2/z+FZBsxUg==;476,24;PF;580;atrasada;06/09/2021
2021-08;YieGbjuc/+lZjaLfPIv9AA==;478,7;PF;583;paga;01/09/2021
2021-08;OSZlcyxf7q+qdBBg/dcDnQ==;516,47;PF;629;paga;05/09/2021
2021-08;y28VSM3aS1/qpJyCg24zoA==;518,11;PF;631;paga;06/09/2021
2021-06;DNZoQa6d+h7eNzFFAtGgHA==;527,97;PF;643;paga;27/06/2021
2021-08;0iRv/b1/+N8vNj9i/ga8YQ==;530,43;PJ;646;paga;22/09/2021
2021-08;+qKb+ZDCFO77zJLAsRmOFA==;541,1;PF;659;paga;27/08/2021
2021-08;P404HFVIEKMzYzSluvAMoA==;542,75;PF;661;paga;17/09/2021
2021-08;uipGA5dMYVovXISpbx+MfQ==;555,88;PJ;677;paga;04/09/2021
2021-08;Dh5mhIg0AeCF4NxhYQAhHg==;574,77;PF;700;paga;17/09/2021
2021-07;r3spi5rZqGuovrf9tezYHg==;601,05;PF;732;paga;12/08/2021
2021-08;Qbg3/aFRvizq+Qcejpckxg==;607,61;PJ;740;paga;17/09/2021
2021-08;ZItvSuew643bB1LfNWjyNg==;649,49;PJ;791;paga;27/08/2021
2021-08;tZELdVcO9eUpoQydgaTHig==;649,49;PF;791;paga;27/08/2021
2021-08;U0bwdaMugZVH0kfbqs3wRQ==;661,81;PJ;806;atrasada;15/10/2021
2021-08;ccZLtWE9xQ6jTeAImd7law==;666,73;PJ;812;paga;02/09/2021
2021-08;mJlrTO8gvWJ5Pl97/XZ8pA==;720,1;PF;877;paga;02/09/2021
2021-07;Df4MGo9x26KkBFARm1jwJw==;754,59;PF;919;paga;17/09/2021
2021-06;tZELdVcO9eUpoQydgaTHig==;767,73;PF;935;paga;27/06/2021
2021-08;gq3rEB0kmnUYIf9ipl4G6w==;784,15;PF;955;paga;17/09/2021
2021-08;YVHoDqoYWQOcM7BYL2QmEw==;797,29;PJ;971;paga;22/09/2021
2021-08;4nZTYEBLtGoDnDD4z6n3uw==;811,25;PF;988;paga;17/09/2021
2021-07;7YROeQmoSGowDDblYgl7eQ==;826,85;PF;1007;paga;05/08/2021
2021-08;rdSqGkIAjpceVTkfUREvwQ==;831,77;PJ;1013;paga;11/09/2021
2021-08;SiLcDuID2GQGyljUEs9e5w==;838,34;PF;1021;paga;01/09/2021
2021-08;5SFNhs8DbCuQqxOF518FlQ==;838,34;PF;1021;paga;23/08/2021
2021-07;WQdo5Xn3eyIRfY8aY7IE/g==;852,3;PJ;1038;paga;06/08/2021
2021-08;vmhe845xAR+4OMgym11RZA==;906,49;PF;1104;paga;25/08/2021
2021-08;4YsZD//BLNvHA3vEjJMfzA==;954,12;PF;1162;em aberto;27/10/2021
2021-08;2a9ygHmG+Ko1/m2WKXuubw==;955,76;PF;1164;paga;22/08/2021
2021-07;VnDjAU2gfpm+YrXa9dBDUw==;1047,72;PJ;1276;paga;25/07/2021
2021-08;VnDjAU2gfpm+YrXa9dBDUw==;1070,71;PJ;1304;paga;30/08/2021
2021-08;xgAVGICSHW4QXHC0yXdSeQ==;1087,96;PF;1325;paga;30/08/2021
2021-07;vKPnXIg4MWsGrhLcR85F1Q==;1131,48;PJ;1378;paga;04/08/2021
2021-08;r3spi5rZqGuovrf9tezYHg==;1189,77;PF;1449;paga;04/09/2021
2021-08;wHTRwcrSZs39TMd6L0DacQ==;1309,65;PJ;1595;paga;18/09/2021
2021-08;Df4MGo9x26KkBFARm1jwJw==;1324,43;PF;1613;paga;09/09/2021
2021-07;xESJLNRefLmV7g3ZqBdnQg==;1325,26;PF;1614;paga;23/08/2021
2021-08;vKPnXIg4MWsGrhLcR85F1Q==;1373,7;PJ;1673;paga;04/09/2021
2021-08;WQdo5Xn3eyIRfY8aY7IE/g==;1382,73;PJ;1684;paga;16/09/2021
2021-08;h8iEA6U9qxBHChmfX0QDnA==;1423,79;PJ;1734;paga;02/09/2021
2021-08;xESJLNRefLmV7g3ZqBdnQg==;1730,06;PF;2107;paga;01/09/2021
2021-08;7YROeQmoSGowDDblYgl7eQ==;1920,55;PF;2339;paga;05/09/2021
2021-08;sNKtzvS3tPzSMBr3hS7VpA==;1973,92;PJ;2404;paga;22/08/2021
2021-08;WbPtJr2F7sf0vuqmZ4kF3A==;2379,55;PJ;2898;paga;27/08/2021
2021-08;OwRFc3xqZ7lWgK9sUUswxA==;2463,3;PJ;3000;paga;24/09/2021
